{"cameraMode":{"drawMode":0,"name":"Shaded","section":"Shading Mode"},"sceneLighting":false,"audioPlay":false,"sceneViewState":{"m_AlwaysRefresh":false,"showFog":true,"showSkybox":true,"showFlares":true,"showImageEffects":true,"showParticleSystems":true,"showVisualEffectGraphs":true,"m_FxEnabled":true},"in2DMode":false,"pivot":{"x":-0.6449036598205566,"y":16.404281616210939,"z":-2.6822476387023927},"rotation":{"x":0.2750270664691925,"y":0.27884799242019656,"z":-0.08295156806707382,"w":0.9166144132614136},"size":17.33218002319336,"orthographic":false}