{"cameraMode":{"drawMode":0,"name":"Shaded","section":"Shading Mode"},"sceneLighting":false,"audioPlay":false,"sceneViewState":{"m_AlwaysRefresh":false,"showFog":true,"showSkybox":true,"showFlares":true,"showImageEffects":true,"showParticleSystems":true,"showVisualEffectGraphs":true,"m_FxEnabled":true},"in2DMode":false,"pivot":{"x":-17.068674087524415,"y":34.39139175415039,"z":-22.97772789001465},"rotation":{"x":0.25342026352882388,"y":0.41996875405311587,"z":-0.12259399145841599,"w":0.8630619049072266},"size":3.1040968894958498,"orthographic":false}