{"cameraMode":{"drawMode":0,"name":"Shaded","section":"Shading Mode"},"sceneLighting":false,"audioPlay":false,"sceneViewState":{"m_AlwaysRefresh":false,"showFog":true,"showSkybox":false,"showFlares":true,"showImageEffects":true,"showParticleSystems":true,"showVisualEffectGraphs":true,"m_FxEnabled":true},"in2DMode":false,"pivot":{"x":-39.20881652832031,"y":-13.529121398925782,"z":0.33274024724960329},"rotation":{"x":0.18475060164928437,"y":0.8118534088134766,"z":-0.3421800434589386,"w":0.4360713064670563},"size":19.332901000976564,"orthographic":false}